Adelaide Strikers,Brisbane Heat,Hobart Hurricanes,Melbourne Renegades,Melbourne Stars,Perth Scorchers,Sydney Sixers,Sydney Thunder
Brad Hodge,Joe Burns,George Bailey,Aaron Finch,Seb Gotch,Cameron Bancroft,Daniel Hughes,Aiden Blizzard
Craig Simmons,Alex Doolan,Dominic Michael,Tom Beaton,Kevin Pietersen,Ian Bell,Nic Maddinson,Ryan Gibson
Jono Dean,Sam Heazlett,Kumar Sangakkara,Tom Cooper,Robert Quiney,Michael Klinger,Jason Roy,Usman Khawaja
Travis Head,Marnus Labuschagne,D'arcy Short,Callum Ferguson,James Faulkner,Shaun Marsh,Jordan Silk,Eoin Morgan
Kelvin Smith,Chris Lynn,Beau Webster,Matt Short,Evan Gulbis,Adam Voges,Steve Smith,Kurtis Patterson
Jake Lehmann,Nathan Reardon,Jonathan Wells,Cameron White,David Hussey,Hilton Cartwright,,Ben Rohrer
Jake Weatherald,Alex Ross,James Bazley,Marcus Harris,Glenn Maxwell,Mitch Marsh,Sean Abbott,Kerrod White
Patrick Page,Brendon McCullum,Daniel Christian,Dwayne Bravo,Marcus Stoinis,Ashton Turner,Johan Botha,Shane Watson
Kieron Pollard,Jason Floros,Hamish Kingston,Brad Hogg,Luke Wright,Sam Whiteman,Ben Dwarshuis,Andre Russell
Michael Neser,Jack Wildermuth,Simon Milenko,Cameron Stevenson,John Hastings,Nathan Coulter-Nile,Moises Henriques,
Chris Jordan,James Peirson,Ben McDermott,Trent Lawford,Peter Handscomb,Mitchell Johnson,Stephen O'Keefe,Jake Doran
Tim Ludeman,Ben Cutting,Tim Paine,Peter Nevill,Sam Harper,Joel Paris,Sam Billings,Jay Lenton
Ben Dunk,Andrew Fekete,Stuart Broad,James Pattinson,Tom Triffitt,Jhye Richardson,Ryan Carters,Pat Cummins
Alex Carey,Luke Feldman,Sam Rainbird,Nathan Rimmington,Scott Boland,Andrew Tye,Brad Haddin,Alister McDermott
Kane Richardson,Josh Lalor,Jake Reed,Chris Tremain,Ben Hilfenhaus,David Willey,Jackson Bird,Clint McKay
Ben Laughlin,Mark Steketee,Shaun Tait,Nick Winter,Daniel Worrall,Cameron Valente,Doug Bollinger,Gurinder Sandhu
Billy Stanlake,Samuel Badree,Cameron Boyce,Xavier Doherty,Michael Beer,Ashton Agar,Josh Hazlewood,Fawad Ahmed
Wes Agar,Mitchell Swepson,Clive Rose,Sunil Narine,Adam Zampa,James Muirhead,Joe Mennie,Chris Green
Liam O'Connor,,,,,,Mitchell Starc,Arjun Nair
,,,,,,Nathan Lyon,
,,,,,,Soumil Chhibber,
,,,,,,,
